route_id,batch_id,distance_km,estimated_time_hours,route_type
R-1000,B-1000,12,0.27,warehouse
R-1001,B-1001,496,12.1,direct
R-1002,B-1002,300,7.5,warehouse
R-1003,B-1003,17,0.35,warehouse
R-1004,B-1004,409,5.11,warehouse
R-1005,B-1005,186,3.72,warehouse
R-1006,B-1006,425,9.24,direct
R-1007,B-1007,201,2.79,warehouse
R-1008,B-1008,111,1.76,warehouse
R-1009,B-1009,151,2.65,warehouse
R-1010,B-1010,248,4.86,direct
R-1011,B-1011,135,2.11,warehouse
R-1012,B-1012,224,4.67,warehouse
R-1013,B-1013,257,3.29,warehouse
R-1014,B-1014,57,1.08,direct
R-1015,B-1015,123,1.62,warehouse
R-1016,B-1016,465,7.15,warehouse
R-1017,B-1017,382,5.88,direct
R-1018,B-1018,365,5.07,warehouse
R-1019,B-1019,254,3.53,direct
R-1020,B-1020,229,4.09,direct
R-1021,B-1021,232,4.46,warehouse
R-1022,B-1022,189,4.61,warehouse
R-1023,B-1023,345,4.42,direct
R-1024,B-1024,238,3.55,direct
R-1025,B-1025,312,4.16,warehouse
R-1026,B-1026,393,7.56,warehouse
R-1027,B-1027,422,8.79,direct
R-1028,B-1028,414,7.96,warehouse
R-1029,B-1029,317,7.2,direct
R-1030,B-1030,70,1.08,direct
R-1031,B-1031,316,4.39,warehouse
R-1032,B-1032,474,5.92,warehouse
R-1033,B-1033,186,2.7,direct
R-1034,B-1034,146,2.56,direct
R-1035,B-1035,352,7.18,direct
R-1036,B-1036,338,8.24,warehouse
R-1037,B-1037,91,1.14,warehouse
R-1038,B-1038,394,7.58,direct
R-1039,B-1039,212,5.05,warehouse
R-1040,B-1040,57,0.88,direct
R-1041,B-1041,308,6.84,warehouse
R-1042,B-1042,208,4.0,direct
R-1043,B-1043,434,9.64,warehouse
R-1044,B-1044,172,4.3,direct
R-1045,B-1045,341,5.09,warehouse
R-1046,B-1046,390,5.2,warehouse
R-1047,B-1047,197,2.49,warehouse
R-1048,B-1048,433,8.02,warehouse
R-1049,B-1049,313,5.22,direct
R-1050,B-1050,276,3.58,direct
R-1051,B-1051,71,1.18,warehouse
R-1052,B-1052,210,3.13,warehouse
R-1053,B-1053,478,11.12,warehouse
R-1054,B-1054,286,5.3,warehouse
R-1055,B-1055,336,5.6,direct
R-1056,B-1056,156,3.06,direct
R-1057,B-1057,187,2.56,warehouse
R-1058,B-1058,399,6.14,warehouse
R-1059,B-1059,439,6.86,warehouse
R-1060,B-1060,40,0.8,warehouse
R-1061,B-1061,455,8.12,direct
R-1062,B-1062,460,6.13,direct
R-1063,B-1063,386,5.36,direct
R-1064,B-1064,156,2.56,direct
R-1065,B-1065,12,0.3,warehouse
R-1066,B-1066,417,10.17,warehouse
R-1067,B-1067,444,6.25,direct
R-1068,B-1068,229,3.37,warehouse
R-1069,B-1069,196,4.26,direct
R-1070,B-1070,89,1.24,warehouse
R-1071,B-1071,354,5.62,direct
R-1072,B-1072,356,6.36,warehouse
R-1073,B-1073,373,9.32,warehouse
R-1074,B-1074,291,7.28,warehouse
R-1075,B-1075,283,5.66,direct
R-1076,B-1076,108,2.3,direct
R-1077,B-1077,486,8.53,direct
R-1078,B-1078,152,3.38,warehouse
R-1079,B-1079,178,3.36,direct
R-1080,B-1080,141,2.2,direct
R-1081,B-1081,437,6.83,warehouse
R-1082,B-1082,71,1.16,direct
R-1083,B-1083,85,1.15,direct
R-1084,B-1084,33,0.47,direct
R-1085,B-1085,241,4.3,warehouse
R-1086,B-1086,155,2.15,warehouse
R-1087,B-1087,166,3.32,warehouse
R-1088,B-1088,268,5.83,warehouse
R-1089,B-1089,140,1.84,warehouse
R-1090,B-1090,387,5.78,warehouse
R-1091,B-1091,204,3.19,warehouse
R-1092,B-1092,280,4.52,warehouse
R-1093,B-1093,228,3.4,warehouse
R-1094,B-1094,435,9.89,direct
R-1095,B-1095,116,1.51,warehouse
R-1096,B-1096,128,2.0,direct
R-1097,B-1097,266,3.37,direct
R-1098,B-1098,383,7.82,warehouse
R-1099,B-1099,354,8.63,direct
R-1100,B-1100,221,4.02,direct
R-1101,B-1101,351,6.5,warehouse
R-1102,B-1102,162,2.49,warehouse
R-1103,B-1103,471,7.98,direct
R-1104,B-1104,75,0.99,direct
R-1105,B-1105,151,2.44,warehouse
R-1106,B-1106,238,5.67,warehouse
R-1107,B-1107,295,5.27,warehouse
R-1108,B-1108,365,4.56,direct
R-1109,B-1109,115,2.67,direct
R-1110,B-1110,223,3.28,warehouse
R-1111,B-1111,138,1.75,direct
R-1112,B-1112,310,4.84,direct
R-1113,B-1113,110,2.08,warehouse
R-1114,B-1114,138,2.42,direct
R-1115,B-1115,159,2.04,warehouse
R-1116,B-1116,113,2.22,warehouse
R-1117,B-1117,179,2.29,direct
R-1118,B-1118,47,0.73,warehouse
R-1119,B-1119,356,6.25,direct
R-1120,B-1120,240,3.58,direct
R-1121,B-1121,499,6.32,direct
R-1122,B-1122,187,2.92,direct
R-1123,B-1123,484,7.56,direct
R-1124,B-1124,169,3.84,warehouse
R-1125,B-1125,118,2.07,direct
R-1126,B-1126,127,2.89,warehouse
R-1127,B-1127,123,1.81,warehouse
R-1128,B-1128,65,0.84,direct
R-1129,B-1129,147,2.77,warehouse
R-1130,B-1130,100,2.0,direct
R-1131,B-1131,363,6.48,warehouse
R-1132,B-1132,151,2.6,warehouse
R-1133,B-1133,424,6.95,direct
R-1134,B-1134,25,0.44,warehouse
R-1135,B-1135,52,0.71,direct
R-1136,B-1136,416,6.4,warehouse
R-1137,B-1137,128,1.86,direct
R-1138,B-1138,391,7.67,warehouse
R-1139,B-1139,344,6.49,warehouse
R-1140,B-1140,272,4.95,direct
R-1141,B-1141,281,4.32,warehouse
R-1142,B-1142,57,0.95,direct
R-1143,B-1143,64,0.9,warehouse
R-1144,B-1144,230,3.48,warehouse
R-1145,B-1145,343,7.62,direct
R-1146,B-1146,276,4.52,direct
R-1147,B-1147,100,1.39,warehouse
R-1148,B-1148,280,4.91,direct
R-1149,B-1149,382,7.07,warehouse
R-1150,B-1150,485,8.66,warehouse
R-1151,B-1151,112,1.75,warehouse
R-1152,B-1152,106,1.8,direct
R-1153,B-1153,301,5.68,direct
R-1154,B-1154,331,5.91,warehouse
R-1155,B-1155,455,6.5,direct
R-1156,B-1156,31,0.48,warehouse
R-1157,B-1157,275,3.87,direct
R-1158,B-1158,210,3.09,warehouse
R-1159,B-1159,255,3.75,direct
R-1160,B-1160,202,2.66,warehouse
R-1161,B-1161,183,3.05,direct
R-1162,B-1162,137,2.14,direct
R-1163,B-1163,192,2.43,direct
R-1164,B-1164,342,5.61,warehouse
R-1165,B-1165,392,7.54,warehouse
R-1166,B-1166,171,2.16,warehouse
R-1167,B-1167,76,1.06,warehouse
R-1168,B-1168,179,3.89,warehouse
R-1169,B-1169,361,8.6,direct
R-1170,B-1170,142,2.45,warehouse
R-1171,B-1171,40,0.71,warehouse
R-1172,B-1172,11,0.21,warehouse
R-1173,B-1173,39,0.95,warehouse
R-1174,B-1174,290,4.03,direct
R-1175,B-1175,383,4.85,direct
R-1176,B-1176,414,8.28,direct
R-1177,B-1177,128,1.73,warehouse
R-1178,B-1178,85,1.16,direct
R-1179,B-1179,455,7.22,warehouse
R-1180,B-1180,115,2.56,warehouse
R-1181,B-1181,412,6.98,warehouse
R-1182,B-1182,12,0.27,direct
R-1183,B-1183,125,1.84,warehouse
R-1184,B-1184,280,4.75,direct
R-1185,B-1185,458,10.41,direct
R-1186,B-1186,302,3.77,direct
R-1187,B-1187,159,3.61,direct
R-1188,B-1188,93,1.58,direct
R-1189,B-1189,305,4.01,direct
R-1190,B-1190,164,2.1,direct
R-1191,B-1191,246,5.35,warehouse
R-1192,B-1192,314,5.81,direct
R-1193,B-1193,46,1.1,direct
R-1194,B-1194,461,7.44,warehouse
R-1195,B-1195,64,1.31,warehouse
R-1196,B-1196,311,5.36,warehouse
R-1197,B-1197,204,3.14,warehouse
R-1198,B-1198,71,0.95,direct
R-1199,B-1199,236,4.21,direct
R-1200,B-1200,186,2.33,warehouse
R-1201,B-1201,377,7.69,warehouse
R-1202,B-1202,390,9.51,warehouse
R-1203,B-1203,499,8.91,direct
R-1204,B-1204,361,5.31,warehouse
R-1205,B-1205,370,5.07,warehouse
R-1206,B-1206,306,6.0,direct
R-1207,B-1207,220,4.49,warehouse
R-1208,B-1208,245,3.71,direct
R-1209,B-1209,279,3.77,direct
R-1210,B-1210,458,7.51,direct
R-1211,B-1211,151,3.21,direct
R-1212,B-1212,378,6.87,direct
R-1213,B-1213,153,2.64,warehouse
R-1214,B-1214,375,6.7,direct
R-1215,B-1215,158,2.11,warehouse
R-1216,B-1216,41,1.02,warehouse
R-1217,B-1217,411,5.55,direct
R-1218,B-1218,408,5.59,direct
R-1219,B-1219,42,1.05,direct
R-1220,B-1220,470,10.44,direct
R-1221,B-1221,18,0.24,warehouse
R-1222,B-1222,202,2.97,direct
R-1223,B-1223,382,8.49,direct
R-1224,B-1224,71,0.9,direct
R-1225,B-1225,206,2.82,warehouse
R-1226,B-1226,269,4.72,warehouse
R-1227,B-1227,228,3.74,warehouse
R-1228,B-1228,151,2.4,warehouse
R-1229,B-1229,209,2.65,warehouse
R-1230,B-1230,14,0.21,direct
R-1231,B-1231,378,4.91,warehouse
R-1232,B-1232,84,1.09,warehouse
R-1233,B-1233,110,1.83,direct
R-1234,B-1234,130,2.24,direct
R-1235,B-1235,12,0.2,direct
R-1236,B-1236,197,3.52,warehouse
R-1237,B-1237,126,1.91,direct
R-1238,B-1238,168,3.91,direct
R-1239,B-1239,401,7.86,warehouse
R-1240,B-1240,236,3.32,direct
R-1241,B-1241,393,7.86,direct
R-1242,B-1242,425,6.54,warehouse
R-1243,B-1243,482,8.93,direct
R-1244,B-1244,206,4.9,direct
R-1245,B-1245,137,2.49,direct
R-1246,B-1246,281,4.07,direct
R-1247,B-1247,107,1.98,warehouse
R-1248,B-1248,131,2.98,direct
R-1249,B-1249,181,4.21,direct
R-1250,B-1250,69,1.35,warehouse
R-1251,B-1251,468,8.21,warehouse
R-1252,B-1252,109,2.66,warehouse
R-1253,B-1253,215,3.16,warehouse
R-1254,B-1254,20,0.35,warehouse
R-1255,B-1255,364,6.39,direct
R-1256,B-1256,211,4.69,direct
R-1257,B-1257,460,6.97,direct
R-1258,B-1258,319,5.41,warehouse
R-1259,B-1259,55,0.93,direct
R-1260,B-1260,241,3.77,warehouse
R-1261,B-1261,311,4.64,direct
R-1262,B-1262,188,2.81,direct
R-1263,B-1263,154,2.44,direct
R-1264,B-1264,20,0.33,warehouse
R-1265,B-1265,60,0.87,direct
R-1266,B-1266,342,7.77,direct
R-1267,B-1267,95,2.32,warehouse
R-1268,B-1268,430,10.24,warehouse
R-1269,B-1269,415,6.19,warehouse
R-1270,B-1270,169,2.86,warehouse
R-1271,B-1271,498,7.01,warehouse
R-1272,B-1272,396,8.61,direct
R-1273,B-1273,479,8.87,warehouse
R-1274,B-1274,486,9.17,direct
R-1275,B-1275,404,6.73,warehouse
R-1276,B-1276,54,1.04,warehouse
R-1277,B-1277,269,4.08,direct
R-1278,B-1278,477,10.6,warehouse
R-1279,B-1279,129,1.68,warehouse
R-1280,B-1280,419,7.35,direct
R-1281,B-1281,15,0.35,direct
R-1282,B-1282,20,0.45,direct
R-1283,B-1283,353,5.6,direct
R-1284,B-1284,30,0.75,warehouse
R-1285,B-1285,410,5.47,warehouse
R-1286,B-1286,136,1.81,warehouse
R-1287,B-1287,157,3.49,direct
R-1288,B-1288,325,4.64,warehouse
R-1289,B-1289,397,9.93,warehouse
R-1290,B-1290,147,2.23,warehouse
R-1291,B-1291,296,4.11,direct
R-1292,B-1292,445,5.63,warehouse
R-1293,B-1293,51,0.67,direct
R-1294,B-1294,62,1.11,warehouse
R-1295,B-1295,23,0.4,warehouse
R-1296,B-1296,171,3.29,direct
R-1297,B-1297,335,4.53,direct
R-1298,B-1298,397,6.73,direct
R-1299,B-1299,147,3.27,warehouse
R-1300,B-1300,200,3.64,warehouse
R-1301,B-1301,396,6.49,direct
R-1302,B-1302,495,11.79,warehouse
R-1303,B-1303,414,7.67,direct
R-1304,B-1304,255,4.47,warehouse
R-1305,B-1305,13,0.24,warehouse
R-1306,B-1306,451,8.84,direct
R-1307,B-1307,201,3.41,warehouse
R-1308,B-1308,95,1.76,direct
R-1309,B-1309,64,1.07,direct
R-1310,B-1310,298,4.03,direct
R-1311,B-1311,242,3.27,direct
R-1312,B-1312,136,2.62,warehouse
R-1313,B-1313,213,2.8,warehouse
R-1314,B-1314,285,4.13,direct
R-1315,B-1315,93,1.16,direct
R-1316,B-1316,164,2.78,warehouse
R-1317,B-1317,48,0.86,direct
R-1318,B-1318,425,9.44,warehouse
R-1319,B-1319,458,6.54,direct
R-1320,B-1320,194,2.9,warehouse
R-1321,B-1321,318,5.48,direct
R-1322,B-1322,219,5.34,warehouse
R-1323,B-1323,325,4.11,direct
R-1324,B-1324,94,2.24,direct
R-1325,B-1325,367,5.83,warehouse
R-1326,B-1326,454,6.22,warehouse
R-1327,B-1327,307,4.95,direct
R-1328,B-1328,168,2.3,direct
R-1329,B-1329,158,3.16,direct
R-1330,B-1330,305,5.87,direct
R-1331,B-1331,373,8.48,warehouse
R-1332,B-1332,475,7.66,warehouse
R-1333,B-1333,341,6.2,direct
R-1334,B-1334,127,1.67,warehouse
R-1335,B-1335,93,1.52,direct
R-1336,B-1336,414,8.28,direct
R-1337,B-1337,470,9.59,warehouse
R-1338,B-1338,40,0.67,direct
R-1339,B-1339,443,7.91,direct
R-1340,B-1340,413,6.56,direct
R-1341,B-1341,376,6.84,warehouse
R-1342,B-1342,395,6.93,warehouse
R-1343,B-1343,383,6.6,warehouse
R-1344,B-1344,280,5.19,warehouse
R-1345,B-1345,206,2.82,warehouse
R-1346,B-1346,27,0.38,warehouse
R-1347,B-1347,461,6.4,warehouse
R-1348,B-1348,465,11.62,direct
R-1349,B-1349,95,1.34,warehouse
R-1350,B-1350,321,4.17,direct
R-1351,B-1351,295,5.36,direct
R-1352,B-1352,190,2.88,warehouse
R-1353,B-1353,128,2.78,warehouse
R-1354,B-1354,364,4.85,direct
R-1355,B-1355,62,1.48,direct
R-1356,B-1356,183,2.35,direct
R-1357,B-1357,130,1.73,warehouse
R-1358,B-1358,123,2.93,direct
R-1359,B-1359,481,6.33,direct
R-1360,B-1360,114,2.78,direct
R-1361,B-1361,112,1.51,warehouse
R-1362,B-1362,335,4.35,warehouse
R-1363,B-1363,150,2.0,warehouse
R-1364,B-1364,349,4.78,direct
R-1365,B-1365,97,2.06,direct
R-1366,B-1366,435,5.88,direct
R-1367,B-1367,235,3.01,warehouse
R-1368,B-1368,22,0.47,warehouse
R-1369,B-1369,394,8.76,direct
R-1370,B-1370,142,2.96,direct
R-1371,B-1371,34,0.85,direct
R-1372,B-1372,113,2.83,direct
R-1373,B-1373,357,8.5,direct
R-1374,B-1374,209,3.37,direct
R-1375,B-1375,385,6.11,warehouse
R-1376,B-1376,291,6.19,direct
R-1377,B-1377,209,4.75,direct
R-1378,B-1378,30,0.38,warehouse
R-1379,B-1379,160,2.05,warehouse
R-1380,B-1380,243,3.04,direct
R-1381,B-1381,251,5.46,direct
R-1382,B-1382,157,2.62,direct
R-1383,B-1383,437,9.93,warehouse
R-1384,B-1384,493,11.47,direct
R-1385,B-1385,233,4.4,warehouse
R-1386,B-1386,404,5.46,warehouse
R-1387,B-1387,22,0.49,warehouse
R-1388,B-1388,147,2.41,direct
R-1389,B-1389,340,4.72,warehouse
R-1390,B-1390,145,2.16,direct
R-1391,B-1391,366,8.32,direct
R-1392,B-1392,51,0.85,direct
R-1393,B-1393,169,3.67,direct
R-1394,B-1394,186,3.65,warehouse
R-1395,B-1395,304,5.07,warehouse
R-1396,B-1396,334,5.96,warehouse
R-1397,B-1397,365,7.3,direct
R-1398,B-1398,10,0.22,direct
R-1399,B-1399,126,1.59,warehouse
R-1400,B-1400,350,6.86,direct
R-1401,B-1401,497,8.28,warehouse
R-1402,B-1402,180,2.54,warehouse
R-1403,B-1403,172,2.61,warehouse
R-1404,B-1404,176,2.32,warehouse
R-1405,B-1405,469,9.2,direct
R-1406,B-1406,372,6.64,direct
R-1407,B-1407,478,9.37,direct
R-1408,B-1408,403,5.6,warehouse
R-1409,B-1409,89,1.78,direct
R-1410,B-1410,467,6.14,warehouse
R-1411,B-1411,460,7.08,direct
R-1412,B-1412,487,7.38,warehouse
R-1413,B-1413,45,0.85,direct
R-1414,B-1414,428,8.92,direct
R-1415,B-1415,408,10.2,warehouse
R-1416,B-1416,299,5.25,warehouse
R-1417,B-1417,105,1.72,direct
R-1418,B-1418,220,4.0,warehouse
R-1419,B-1419,39,0.58,warehouse
R-1420,B-1420,470,10.44,warehouse
R-1421,B-1421,59,1.11,direct
R-1422,B-1422,384,6.74,warehouse
R-1423,B-1423,477,11.36,warehouse
R-1424,B-1424,496,9.19,warehouse
R-1425,B-1425,420,8.08,direct
R-1426,B-1426,64,1.6,warehouse
R-1427,B-1427,116,2.64,direct
R-1428,B-1428,208,4.16,warehouse
R-1429,B-1429,185,3.03,direct
R-1430,B-1430,323,8.07,direct
R-1431,B-1431,460,6.39,warehouse
R-1432,B-1432,375,6.58,warehouse
R-1433,B-1433,27,0.4,warehouse
R-1434,B-1434,28,0.5,warehouse
R-1435,B-1435,225,2.81,warehouse
R-1436,B-1436,327,7.43,direct
R-1437,B-1437,445,9.47,warehouse
R-1438,B-1438,478,7.71,warehouse
R-1439,B-1439,273,4.79,direct
R-1440,B-1440,337,5.62,warehouse
R-1441,B-1441,30,0.38,direct
R-1442,B-1442,497,10.57,warehouse
R-1443,B-1443,498,8.44,warehouse
R-1444,B-1444,86,1.13,direct
R-1445,B-1445,460,7.08,direct
R-1446,B-1446,54,1.29,direct
R-1447,B-1447,90,1.45,warehouse
R-1448,B-1448,176,3.2,direct
R-1449,B-1449,400,6.67,direct
R-1450,B-1450,41,0.75,direct
R-1451,B-1451,293,4.07,direct
R-1452,B-1452,466,6.85,warehouse
R-1453,B-1453,397,5.75,direct
R-1454,B-1454,94,1.27,direct
R-1455,B-1455,449,7.13,warehouse
R-1456,B-1456,18,0.23,direct
R-1457,B-1457,329,4.27,direct
R-1458,B-1458,240,4.07,warehouse
R-1459,B-1459,300,5.17,direct
R-1460,B-1460,321,4.4,warehouse
R-1461,B-1461,493,6.66,direct
R-1462,B-1462,187,3.67,direct
R-1463,B-1463,69,0.99,direct
R-1464,B-1464,452,6.85,direct
R-1465,B-1465,77,1.4,warehouse
R-1466,B-1466,294,7.35,warehouse
R-1467,B-1467,217,3.5,direct
R-1468,B-1468,366,5.46,warehouse
R-1469,B-1469,155,2.31,direct
R-1470,B-1470,208,3.25,warehouse
R-1471,B-1471,89,1.22,direct
R-1472,B-1472,287,4.95,warehouse
R-1473,B-1473,28,0.43,warehouse
R-1474,B-1474,127,2.76,warehouse
R-1475,B-1475,359,5.79,warehouse
R-1476,B-1476,319,6.38,direct
R-1477,B-1477,110,1.77,warehouse
R-1478,B-1478,194,2.85,warehouse
R-1479,B-1479,108,1.86,direct
R-1480,B-1480,269,3.68,warehouse
R-1481,B-1481,149,2.16,warehouse
R-1482,B-1482,106,1.89,warehouse
R-1483,B-1483,166,3.19,direct
R-1484,B-1484,66,1.06,warehouse
R-1485,B-1485,233,5.42,direct
R-1486,B-1486,290,7.07,direct
R-1487,B-1487,454,9.27,direct
R-1488,B-1488,488,6.87,direct
R-1489,B-1489,239,3.37,direct
R-1490,B-1490,481,7.29,warehouse
R-1491,B-1491,76,1.81,warehouse
R-1492,B-1492,267,4.85,direct
R-1493,B-1493,383,7.51,direct
R-1494,B-1494,336,5.17,warehouse
R-1495,B-1495,176,4.4,warehouse
R-1496,B-1496,422,6.7,warehouse
R-1497,B-1497,102,2.27,warehouse
R-1498,B-1498,80,1.19,warehouse
R-1499,B-1499,164,2.69,direct
R-1500,B-1500,100,1.85,direct
R-1501,B-1501,364,8.27,warehouse
R-1502,B-1502,58,1.04,warehouse
R-1503,B-1503,315,4.7,direct
R-1504,B-1504,339,6.78,warehouse
R-1505,B-1505,238,4.03,direct
R-1506,B-1506,304,4.61,direct
R-1507,B-1507,191,3.13,warehouse
R-1508,B-1508,198,4.3,warehouse
R-1509,B-1509,241,4.63,warehouse
R-1510,B-1510,100,2.13,warehouse
R-1511,B-1511,199,2.58,warehouse
R-1512,B-1512,269,4.41,warehouse
R-1513,B-1513,258,5.61,direct
R-1514,B-1514,334,6.42,warehouse
R-1515,B-1515,189,3.05,direct
R-1516,B-1516,239,3.85,warehouse
R-1517,B-1517,182,2.72,warehouse
R-1518,B-1518,125,3.05,warehouse
R-1519,B-1519,472,7.61,direct
R-1520,B-1520,461,7.44,warehouse
R-1521,B-1521,223,3.23,warehouse
R-1522,B-1522,337,7.17,direct
R-1523,B-1523,204,2.62,warehouse
R-1524,B-1524,347,5.1,direct
R-1525,B-1525,397,6.62,warehouse
R-1526,B-1526,59,1.07,direct
R-1527,B-1527,395,9.63,warehouse
R-1528,B-1528,331,4.8,direct
R-1529,B-1529,421,8.1,direct
R-1530,B-1530,21,0.37,direct
R-1531,B-1531,287,3.73,direct
R-1532,B-1532,265,4.57,warehouse
R-1533,B-1533,293,4.13,direct
R-1534,B-1534,213,2.73,direct
R-1535,B-1535,191,2.89,direct
R-1536,B-1536,238,5.41,warehouse
R-1537,B-1537,171,3.17,warehouse
R-1538,B-1538,160,2.58,direct
R-1539,B-1539,389,9.05,warehouse
R-1540,B-1540,260,5.91,direct
R-1541,B-1541,373,6.22,warehouse
R-1542,B-1542,10,0.15,warehouse
R-1543,B-1543,357,6.61,direct
R-1544,B-1544,423,7.29,direct
R-1545,B-1545,219,3.22,direct
R-1546,B-1546,324,4.56,direct
R-1547,B-1547,155,2.72,warehouse
R-1548,B-1548,433,9.62,warehouse
R-1549,B-1549,124,1.91,direct
R-1550,B-1550,351,8.16,warehouse
R-1551,B-1551,137,3.34,direct
R-1552,B-1552,130,1.81,direct
R-1553,B-1553,419,6.55,warehouse
R-1554,B-1554,242,3.02,warehouse
R-1555,B-1555,372,7.91,direct
R-1556,B-1556,97,2.11,direct
R-1557,B-1557,89,1.37,direct
R-1558,B-1558,285,3.65,direct
R-1559,B-1559,24,0.5,warehouse
R-1560,B-1560,162,2.02,warehouse
R-1561,B-1561,344,5.29,warehouse
R-1562,B-1562,155,3.1,warehouse
R-1563,B-1563,131,2.26,warehouse
R-1564,B-1564,408,6.69,direct
R-1565,B-1565,444,7.66,direct
R-1566,B-1566,437,6.33,direct
R-1567,B-1567,219,3.59,warehouse
R-1568,B-1568,180,3.53,warehouse
R-1569,B-1569,29,0.4,warehouse
R-1570,B-1570,383,6.38,direct
R-1571,B-1571,64,1.39,warehouse
R-1572,B-1572,432,8.15,warehouse
R-1573,B-1573,104,1.89,direct
R-1574,B-1574,221,2.99,direct
R-1575,B-1575,364,6.07,warehouse
R-1576,B-1576,430,8.43,warehouse
R-1577,B-1577,465,7.27,warehouse
R-1578,B-1578,69,1.21,direct
R-1579,B-1579,78,1.2,warehouse
R-1580,B-1580,304,5.15,warehouse
R-1581,B-1581,366,6.2,warehouse
R-1582,B-1582,32,0.51,direct
R-1583,B-1583,411,7.47,direct
R-1584,B-1584,166,2.13,direct
R-1585,B-1585,394,5.12,direct
R-1586,B-1586,395,8.23,warehouse
R-1587,B-1587,445,9.08,direct
R-1588,B-1588,129,2.05,direct
R-1589,B-1589,220,2.86,direct
R-1590,B-1590,14,0.23,direct
R-1591,B-1591,95,2.11,direct
R-1592,B-1592,231,3.61,warehouse
R-1593,B-1593,465,11.34,warehouse
R-1594,B-1594,401,5.73,direct
R-1595,B-1595,262,5.57,direct
R-1596,B-1596,244,3.39,direct
R-1597,B-1597,320,6.04,direct
R-1598,B-1598,358,4.59,direct
R-1599,B-1599,188,2.35,warehouse
R-1600,B-1600,73,1.06,direct
R-1601,B-1601,197,3.28,warehouse
R-1602,B-1602,417,5.56,direct
R-1603,B-1603,40,0.87,direct
R-1604,B-1604,180,2.86,direct
R-1605,B-1605,79,1.55,direct
R-1606,B-1606,142,3.38,warehouse
R-1607,B-1607,372,8.45,direct
R-1608,B-1608,239,3.57,direct
R-1609,B-1609,345,6.27,direct
R-1610,B-1610,173,2.93,direct
R-1611,B-1611,106,1.45,direct
R-1612,B-1612,413,6.88,direct
R-1613,B-1613,119,1.59,direct
R-1614,B-1614,367,4.77,warehouse
R-1615,B-1615,369,7.69,warehouse
R-1616,B-1616,28,0.35,warehouse
R-1617,B-1617,71,1.77,direct
R-1618,B-1618,137,2.32,warehouse
R-1619,B-1619,270,3.46,direct
R-1620,B-1620,30,0.38,direct
R-1621,B-1621,282,3.81,warehouse
R-1622,B-1622,394,5.63,direct
R-1623,B-1623,270,4.03,direct
R-1624,B-1624,357,5.49,direct
R-1625,B-1625,372,7.15,warehouse
R-1626,B-1626,97,1.49,direct
R-1627,B-1627,61,1.17,warehouse
R-1628,B-1628,92,1.33,direct
R-1629,B-1629,198,2.91,direct
R-1630,B-1630,43,1.05,direct
R-1631,B-1631,486,6.85,direct
R-1632,B-1632,189,2.55,warehouse
R-1633,B-1633,86,1.28,warehouse
R-1634,B-1634,155,2.09,direct
R-1635,B-1635,253,4.87,warehouse
R-1636,B-1636,108,1.42,warehouse
R-1637,B-1637,429,5.43,direct
R-1638,B-1638,250,3.62,direct
R-1639,B-1639,260,4.48,warehouse
R-1640,B-1640,279,4.1,warehouse
R-1641,B-1641,130,2.89,direct
R-1642,B-1642,383,7.82,direct
R-1643,B-1643,464,7.14,warehouse
R-1644,B-1644,262,4.6,warehouse
R-1645,B-1645,248,5.51,direct
R-1646,B-1646,297,6.06,direct
R-1647,B-1647,411,7.9,direct
R-1648,B-1648,359,4.92,direct
R-1649,B-1649,40,0.93,direct
R-1650,B-1650,388,5.32,warehouse
R-1651,B-1651,267,3.47,direct
R-1652,B-1652,119,1.61,warehouse
R-1653,B-1653,194,3.88,direct
R-1654,B-1654,333,4.32,warehouse
R-1655,B-1655,74,1.16,warehouse
R-1656,B-1656,172,3.44,warehouse
R-1657,B-1657,369,4.99,warehouse
R-1658,B-1658,259,4.62,direct
R-1659,B-1659,160,3.14,warehouse
R-1660,B-1660,136,1.79,direct
R-1661,B-1661,218,5.45,direct
R-1662,B-1662,397,5.93,direct
R-1663,B-1663,56,1.0,direct
R-1664,B-1664,456,5.77,warehouse
R-1665,B-1665,99,1.8,warehouse
R-1666,B-1666,211,2.89,direct
R-1667,B-1667,146,3.48,direct
R-1668,B-1668,266,4.36,direct
R-1669,B-1669,438,6.17,warehouse
R-1670,B-1670,440,5.57,direct
R-1671,B-1671,443,9.63,direct
R-1672,B-1672,387,5.78,warehouse
R-1673,B-1673,482,8.17,warehouse
R-1674,B-1674,332,6.38,direct
R-1675,B-1675,403,9.16,direct
R-1676,B-1676,340,4.53,warehouse
R-1677,B-1677,270,4.29,warehouse
R-1678,B-1678,101,1.35,warehouse
R-1679,B-1679,266,4.59,direct
R-1680,B-1680,209,3.43,warehouse
R-1681,B-1681,307,4.87,direct
R-1682,B-1682,159,2.84,direct
R-1683,B-1683,84,1.12,direct
R-1684,B-1684,356,6.85,warehouse
R-1685,B-1685,161,2.73,warehouse
R-1686,B-1686,101,1.42,direct
R-1687,B-1687,119,1.51,warehouse
R-1688,B-1688,288,3.95,warehouse
R-1689,B-1689,481,9.25,warehouse
R-1690,B-1690,455,5.99,warehouse
R-1691,B-1691,433,6.37,direct
R-1692,B-1692,217,4.72,warehouse
R-1693,B-1693,479,11.97,warehouse
R-1694,B-1694,403,5.17,direct
R-1695,B-1695,126,1.75,direct
R-1696,B-1696,91,1.49,warehouse
R-1697,B-1697,395,8.78,warehouse
R-1698,B-1698,150,2.08,warehouse
R-1699,B-1699,283,3.72,warehouse
R-1700,B-1700,465,6.84,direct
R-1701,B-1701,292,4.0,warehouse
R-1702,B-1702,454,6.31,direct
R-1703,B-1703,383,4.91,warehouse
R-1704,B-1704,459,7.4,direct
R-1705,B-1705,48,0.89,direct
R-1706,B-1706,239,3.23,warehouse
R-1707,B-1707,452,9.83,warehouse
R-1708,B-1708,407,5.22,direct
R-1709,B-1709,317,4.53,warehouse
R-1710,B-1710,237,3.04,warehouse
R-1711,B-1711,464,7.61,warehouse
R-1712,B-1712,268,5.83,direct
R-1713,B-1713,230,4.51,warehouse
R-1714,B-1714,336,5.6,warehouse
R-1715,B-1715,234,3.71,direct
R-1716,B-1716,28,0.67,warehouse
R-1717,B-1717,259,4.11,direct
R-1718,B-1718,374,6.8,direct
R-1719,B-1719,114,1.61,direct
R-1720,B-1720,266,5.66,direct
R-1721,B-1721,153,2.39,direct
R-1722,B-1722,476,6.7,warehouse
R-1723,B-1723,44,0.64,direct
R-1724,B-1724,14,0.23,warehouse
R-1725,B-1725,126,1.62,direct
R-1726,B-1726,307,4.51,warehouse
R-1727,B-1727,179,3.25,direct
R-1728,B-1728,311,4.26,direct
R-1729,B-1729,85,2.07,warehouse
R-1730,B-1730,68,1.11,warehouse
R-1731,B-1731,458,7.27,warehouse
R-1732,B-1732,493,10.06,warehouse
R-1733,B-1733,232,3.62,direct
R-1734,B-1734,367,5.83,warehouse
R-1735,B-1735,179,3.89,direct
R-1736,B-1736,455,7.0,warehouse
R-1737,B-1737,220,2.97,direct
R-1738,B-1738,453,5.81,warehouse
R-1739,B-1739,246,4.1,warehouse
R-1740,B-1740,98,1.27,warehouse
R-1741,B-1741,473,8.16,warehouse
R-1742,B-1742,413,7.12,warehouse
R-1743,B-1743,446,7.08,direct
R-1744,B-1744,148,3.02,direct
R-1745,B-1745,405,5.79,warehouse
R-1746,B-1746,479,6.22,warehouse
R-1747,B-1747,285,7.12,direct
R-1748,B-1748,303,5.41,warehouse
R-1749,B-1749,142,2.29,warehouse
R-1750,B-1750,251,6.12,direct
R-1751,B-1751,17,0.27,warehouse
R-1752,B-1752,243,3.92,direct
R-1753,B-1753,334,7.42,direct
R-1754,B-1754,181,3.55,warehouse
R-1755,B-1755,469,6.34,direct
R-1756,B-1756,362,6.24,warehouse
R-1757,B-1757,465,10.33,warehouse
R-1758,B-1758,443,6.15,direct
R-1759,B-1759,457,8.31,direct
R-1760,B-1760,248,5.06,warehouse
R-1761,B-1761,406,5.49,warehouse
R-1762,B-1762,39,0.51,direct
R-1763,B-1763,238,3.72,warehouse
R-1764,B-1764,482,11.21,direct
R-1765,B-1765,325,5.24,direct
R-1766,B-1766,294,4.2,warehouse
R-1767,B-1767,379,8.42,direct
R-1768,B-1768,353,5.6,warehouse
R-1769,B-1769,248,3.7,warehouse
R-1770,B-1770,353,4.41,warehouse
R-1771,B-1771,209,3.03,direct
R-1772,B-1772,163,2.96,direct
R-1773,B-1773,390,8.12,warehouse
R-1774,B-1774,138,2.42,warehouse
R-1775,B-1775,249,4.02,warehouse
R-1776,B-1776,304,4.0,direct
R-1777,B-1777,311,5.65,warehouse
R-1778,B-1778,156,3.25,warehouse
R-1779,B-1779,223,3.1,direct
R-1780,B-1780,224,3.34,direct
R-1781,B-1781,134,1.94,direct
R-1782,B-1782,305,4.77,direct
R-1783,B-1783,71,1.25,direct
R-1784,B-1784,486,7.04,warehouse
R-1785,B-1785,39,0.54,warehouse
R-1786,B-1786,416,8.67,direct
R-1787,B-1787,196,2.45,warehouse
R-1788,B-1788,339,6.05,direct
R-1789,B-1789,310,7.75,direct
R-1790,B-1790,134,2.31,direct
R-1791,B-1791,419,6.35,warehouse
R-1792,B-1792,15,0.33,warehouse
R-1793,B-1793,305,6.63,warehouse
R-1794,B-1794,49,0.69,warehouse
R-1795,B-1795,382,8.88,warehouse
R-1796,B-1796,45,0.64,warehouse
R-1797,B-1797,135,1.85,direct
R-1798,B-1798,345,5.85,direct
R-1799,B-1799,265,5.64,direct
R-1800,B-1800,290,4.39,warehouse
R-1801,B-1801,226,4.19,direct
R-1802,B-1802,71,1.06,warehouse
R-1803,B-1803,452,7.66,direct
R-1804,B-1804,428,6.69,direct
R-1805,B-1805,72,0.92,direct
R-1806,B-1806,189,4.02,direct
R-1807,B-1807,458,6.54,warehouse
R-1808,B-1808,384,6.4,warehouse
R-1809,B-1809,419,6.07,direct
R-1810,B-1810,474,11.56,warehouse
R-1811,B-1811,246,3.37,direct
R-1812,B-1812,327,5.03,warehouse
R-1813,B-1813,450,6.92,warehouse
R-1814,B-1814,458,6.27,direct
R-1815,B-1815,348,4.58,direct
R-1816,B-1816,229,4.49,direct
R-1817,B-1817,64,1.42,warehouse
R-1818,B-1818,57,1.36,direct
R-1819,B-1819,295,7.38,direct
R-1820,B-1820,179,3.65,warehouse
R-1821,B-1821,91,1.42,warehouse
R-1822,B-1822,208,2.97,direct
R-1823,B-1823,142,2.29,direct
R-1824,B-1824,248,5.51,warehouse
R-1825,B-1825,423,9.0,warehouse
R-1826,B-1826,431,8.29,warehouse
R-1827,B-1827,296,5.58,warehouse
R-1828,B-1828,458,6.19,direct
R-1829,B-1829,35,0.8,direct
R-1830,B-1830,35,0.61,direct
R-1831,B-1831,211,4.8,direct
R-1832,B-1832,68,0.93,warehouse
R-1833,B-1833,300,5.26,direct
R-1834,B-1834,431,10.02,direct
R-1835,B-1835,456,6.0,warehouse
R-1836,B-1836,160,3.2,warehouse
R-1837,B-1837,321,6.17,warehouse
R-1838,B-1838,249,3.11,warehouse
R-1839,B-1839,11,0.19,warehouse
R-1840,B-1840,318,4.3,direct
R-1841,B-1841,232,4.73,warehouse
R-1842,B-1842,360,4.74,direct
R-1843,B-1843,129,2.22,warehouse
R-1844,B-1844,112,2.33,direct
R-1845,B-1845,298,4.03,warehouse
R-1846,B-1846,312,6.5,warehouse
R-1847,B-1847,55,0.72,direct
R-1848,B-1848,345,7.04,direct
R-1849,B-1849,372,7.75,direct
R-1850,B-1850,318,4.13,warehouse
R-1851,B-1851,10,0.14,warehouse
R-1852,B-1852,405,8.8,warehouse
R-1853,B-1853,85,2.07,direct
R-1854,B-1854,127,1.59,warehouse
R-1855,B-1855,413,5.66,warehouse
R-1856,B-1856,44,0.86,direct
R-1857,B-1857,464,8.75,warehouse
R-1858,B-1858,404,7.77,direct
R-1859,B-1859,381,8.47,direct
R-1860,B-1860,31,0.54,direct
R-1861,B-1861,451,10.49,warehouse
R-1862,B-1862,442,5.82,warehouse
R-1863,B-1863,361,6.12,warehouse
R-1864,B-1864,11,0.23,direct
R-1865,B-1865,304,3.9,warehouse
R-1866,B-1866,384,5.65,direct
R-1867,B-1867,220,3.86,direct
R-1868,B-1868,41,0.59,direct
R-1869,B-1869,146,2.86,direct
R-1870,B-1870,16,0.28,warehouse
R-1871,B-1871,443,5.99,direct
R-1872,B-1872,472,9.63,direct
R-1873,B-1873,121,2.69,direct
R-1874,B-1874,356,6.72,warehouse
R-1875,B-1875,473,7.88,direct
R-1876,B-1876,66,1.35,direct
R-1877,B-1877,91,1.82,warehouse
R-1878,B-1878,348,5.61,direct
R-1879,B-1879,30,0.4,direct
R-1880,B-1880,369,6.47,direct
R-1881,B-1881,335,5.08,warehouse
R-1882,B-1882,169,3.76,warehouse
R-1883,B-1883,439,7.57,warehouse
R-1884,B-1884,452,6.75,warehouse
R-1885,B-1885,67,1.02,warehouse
R-1886,B-1886,165,2.54,warehouse
R-1887,B-1887,268,4.39,warehouse
R-1888,B-1888,432,9.0,warehouse
R-1889,B-1889,163,3.4,direct
R-1890,B-1890,395,5.06,warehouse
R-1891,B-1891,307,4.8,direct
R-1892,B-1892,249,3.77,direct
R-1893,B-1893,131,3.27,warehouse
R-1894,B-1894,349,5.06,direct
R-1895,B-1895,33,0.46,warehouse
R-1896,B-1896,393,8.93,direct
R-1897,B-1897,172,2.97,warehouse
R-1898,B-1898,265,3.73,warehouse
R-1899,B-1899,63,0.82,direct
R-1900,B-1900,135,1.71,warehouse
R-1901,B-1901,412,6.34,warehouse
R-1902,B-1902,141,2.52,direct
R-1903,B-1903,215,2.99,direct
R-1904,B-1904,462,9.43,warehouse
R-1905,B-1905,217,3.68,warehouse
R-1906,B-1906,442,10.05,warehouse
R-1907,B-1907,25,0.45,warehouse
R-1908,B-1908,209,4.86,warehouse
R-1909,B-1909,304,4.61,direct
R-1910,B-1910,128,2.13,direct
R-1911,B-1911,430,5.97,warehouse
R-1912,B-1912,247,3.48,warehouse
R-1913,B-1913,316,5.02,direct
R-1914,B-1914,327,4.88,direct
R-1915,B-1915,490,7.31,direct
R-1916,B-1916,120,2.4,direct
R-1917,B-1917,302,6.43,warehouse
R-1918,B-1918,478,6.05,warehouse
R-1919,B-1919,215,4.06,direct
R-1920,B-1920,271,6.16,direct
R-1921,B-1921,365,8.11,warehouse
R-1922,B-1922,324,5.89,warehouse
R-1923,B-1923,49,0.89,warehouse
R-1924,B-1924,112,2.15,warehouse
R-1925,B-1925,325,5.8,warehouse
R-1926,B-1926,330,6.0,warehouse
R-1927,B-1927,37,0.48,direct
R-1928,B-1928,78,1.73,warehouse
R-1929,B-1929,334,8.35,direct
R-1930,B-1930,471,5.89,direct
R-1931,B-1931,178,2.51,direct
R-1932,B-1932,420,6.36,warehouse
R-1933,B-1933,90,1.43,warehouse
R-1934,B-1934,488,9.96,warehouse
R-1935,B-1935,143,2.23,direct
R-1936,B-1936,45,0.83,warehouse
R-1937,B-1937,331,4.6,warehouse
R-1938,B-1938,251,3.39,warehouse
R-1939,B-1939,439,6.01,direct
R-1940,B-1940,46,0.72,warehouse
R-1941,B-1941,81,1.88,direct
R-1942,B-1942,459,6.12,direct
R-1943,B-1943,169,2.35,direct
R-1944,B-1944,124,2.64,warehouse
R-1945,B-1945,259,4.47,direct
R-1946,B-1946,305,4.92,warehouse
R-1947,B-1947,405,5.13,direct
R-1948,B-1948,362,4.58,warehouse
R-1949,B-1949,387,7.44,direct
R-1950,B-1950,286,4.27,warehouse
R-1951,B-1951,461,6.78,warehouse
R-1952,B-1952,298,6.77,direct
R-1953,B-1953,66,1.16,direct
R-1954,B-1954,66,1.14,direct
R-1955,B-1955,282,4.15,direct
R-1956,B-1956,497,7.2,direct
R-1957,B-1957,190,4.75,warehouse
R-1958,B-1958,497,9.75,warehouse
R-1959,B-1959,258,4.61,warehouse
R-1960,B-1960,413,10.07,direct
R-1961,B-1961,72,1.76,direct
R-1962,B-1962,241,3.17,direct
R-1963,B-1963,425,5.45,warehouse
R-1964,B-1964,360,4.5,direct
R-1965,B-1965,213,4.35,direct
R-1966,B-1966,233,3.48,direct
R-1967,B-1967,103,2.58,warehouse
R-1968,B-1968,399,6.14,direct
R-1969,B-1969,496,11.27,warehouse
R-1970,B-1970,461,6.88,direct
R-1971,B-1971,328,7.45,direct
R-1972,B-1972,22,0.33,direct
R-1973,B-1973,202,4.12,warehouse
R-1974,B-1974,235,3.73,warehouse
R-1975,B-1975,90,1.84,direct
R-1976,B-1976,423,6.41,direct
R-1977,B-1977,121,1.75,direct
R-1978,B-1978,453,6.29,direct
R-1979,B-1979,125,2.05,warehouse
R-1980,B-1980,493,9.48,direct
R-1981,B-1981,252,5.04,direct
R-1982,B-1982,274,4.42,direct
R-1983,B-1983,216,4.0,direct
R-1984,B-1984,445,7.18,direct
R-1985,B-1985,395,5.49,warehouse
R-1986,B-1986,324,5.68,warehouse
R-1987,B-1987,458,5.72,direct
R-1988,B-1988,405,7.64,direct
R-1989,B-1989,449,9.98,direct
R-1990,B-1990,427,7.12,direct
R-1991,B-1991,448,6.22,direct
R-1992,B-1992,300,5.36,warehouse
R-1993,B-1993,186,2.42,warehouse
R-1994,B-1994,47,0.92,warehouse
R-1995,B-1995,135,1.73,direct
R-1996,B-1996,19,0.4,warehouse
R-1997,B-1997,63,1.5,warehouse
R-1998,B-1998,248,4.2,warehouse
R-1999,B-1999,414,8.28,warehouse
R-2000,B-2000,288,3.74,direct
R-2001,B-2001,414,6.47,direct
R-2002,B-2002,400,7.27,direct
R-2003,B-2003,29,0.38,direct
R-2004,B-2004,418,10.2,direct
R-2005,B-2005,317,7.92,warehouse
R-2006,B-2006,27,0.39,direct
R-2007,B-2007,191,2.77,warehouse
R-2008,B-2008,352,4.46,warehouse
R-2009,B-2009,367,5.4,direct
R-2010,B-2010,442,7.37,direct
R-2011,B-2011,33,0.46,warehouse
R-2012,B-2012,266,5.66,warehouse
R-2013,B-2013,116,2.58,warehouse
R-2014,B-2014,266,4.51,warehouse
R-2015,B-2015,190,3.06,warehouse
R-2016,B-2016,177,2.68,warehouse
R-2017,B-2017,315,4.2,warehouse
R-2018,B-2018,198,3.19,warehouse
R-2019,B-2019,377,4.83,direct
R-2020,B-2020,24,0.46,direct
R-2021,B-2021,90,1.61,direct
R-2022,B-2022,445,7.18,warehouse
R-2023,B-2023,489,10.19,direct
R-2024,B-2024,336,4.48,direct
R-2025,B-2025,491,6.38,direct
R-2026,B-2026,122,1.79,warehouse
R-2027,B-2027,160,2.71,direct
R-2028,B-2028,441,8.32,warehouse
R-2029,B-2029,51,0.64,direct
R-2030,B-2030,369,5.95,warehouse
R-2031,B-2031,89,1.33,warehouse
R-2032,B-2032,310,5.85,warehouse
R-2033,B-2033,408,6.38,direct
R-2034,B-2034,390,5.74,direct
R-2035,B-2035,356,8.68,direct
R-2036,B-2036,372,7.15,warehouse
R-2037,B-2037,317,4.28,warehouse
R-2038,B-2038,465,6.2,direct
R-2039,B-2039,114,2.85,direct
R-2040,B-2040,307,5.58,warehouse
R-2041,B-2041,167,3.15,direct
R-2042,B-2042,365,5.45,direct
R-2043,B-2043,329,6.58,direct
R-2044,B-2044,425,6.25,direct
R-2045,B-2045,471,9.61,warehouse
R-2046,B-2046,275,4.23,warehouse
R-2047,B-2047,441,9.8,direct
R-2048,B-2048,83,1.77,warehouse
R-2049,B-2049,438,6.84,direct
R-2050,B-2050,137,2.58,direct
R-2051,B-2051,356,6.72,direct
R-2052,B-2052,236,2.99,warehouse
R-2053,B-2053,69,1.03,warehouse
R-2054,B-2054,228,3.17,direct
R-2055,B-2055,203,2.57,direct
R-2056,B-2056,226,4.91,warehouse
R-2057,B-2057,66,0.82,warehouse
R-2058,B-2058,370,4.74,direct
R-2059,B-2059,165,2.5,direct
R-2060,B-2060,325,7.74,direct
R-2061,B-2061,49,0.89,direct
R-2062,B-2062,266,5.22,warehouse
R-2063,B-2063,369,4.73,direct
R-2064,B-2064,122,3.05,warehouse
R-2065,B-2065,89,1.41,direct
R-2066,B-2066,44,0.68,direct
R-2067,B-2067,471,9.81,warehouse
R-2068,B-2068,494,7.48,direct
R-2069,B-2069,152,3.23,direct
R-2070,B-2070,228,3.26,warehouse
R-2071,B-2071,277,3.74,direct
R-2072,B-2072,114,1.97,direct
R-2073,B-2073,358,7.78,direct
R-2074,B-2074,479,6.75,direct
R-2075,B-2075,377,5.89,warehouse
R-2076,B-2076,345,5.0,direct
R-2077,B-2077,359,8.16,direct
R-2078,B-2078,409,5.93,warehouse
R-2079,B-2079,422,7.4,direct
R-2080,B-2080,209,2.9,direct
R-2081,B-2081,259,3.75,direct
R-2082,B-2082,467,9.94,warehouse
R-2083,B-2083,264,4.0,direct
R-2084,B-2084,140,2.3,direct
R-2085,B-2085,161,2.37,warehouse
R-2086,B-2086,268,5.58,direct
R-2087,B-2087,337,5.27,warehouse
R-2088,B-2088,300,6.52,direct
R-2089,B-2089,500,6.33,direct
R-2090,B-2090,26,0.34,direct
R-2091,B-2091,234,3.97,warehouse
R-2092,B-2092,20,0.32,warehouse
R-2093,B-2093,51,0.86,warehouse
R-2094,B-2094,138,2.09,warehouse
R-2095,B-2095,129,2.08,direct
R-2096,B-2096,276,6.13,warehouse
R-2097,B-2097,389,6.48,warehouse
R-2098,B-2098,216,5.02,warehouse
R-2099,B-2099,162,2.13,warehouse
R-2100,B-2100,497,10.57,direct
R-2101,B-2101,397,9.45,warehouse
R-2102,B-2102,87,1.28,warehouse
R-2103,B-2103,381,5.95,warehouse
R-2104,B-2104,405,5.7,direct
R-2105,B-2105,228,2.85,warehouse
R-2106,B-2106,28,0.41,warehouse
R-2107,B-2107,381,7.94,direct
R-2108,B-2108,397,5.36,direct
R-2109,B-2109,277,4.78,direct
R-2110,B-2110,44,0.65,direct
R-2111,B-2111,434,9.64,direct
R-2112,B-2112,78,1.24,direct
R-2113,B-2113,86,1.16,direct
R-2114,B-2114,428,7.02,warehouse
R-2115,B-2115,170,4.25,direct
R-2116,B-2116,186,4.65,warehouse
R-2117,B-2117,444,5.55,warehouse
R-2118,B-2118,79,1.68,direct
R-2119,B-2119,461,8.54,direct
R-2120,B-2120,495,9.71,warehouse
R-2121,B-2121,438,10.68,warehouse
R-2122,B-2122,210,3.04,direct
R-2123,B-2123,44,0.7,warehouse
R-2124,B-2124,451,9.02,direct
R-2125,B-2125,395,6.81,direct
R-2126,B-2126,171,3.23,direct
R-2127,B-2127,319,5.8,direct
R-2128,B-2128,113,1.69,warehouse
R-2129,B-2129,296,4.55,direct
R-2130,B-2130,381,5.15,direct
R-2131,B-2131,181,2.51,warehouse
R-2132,B-2132,195,2.53,direct
R-2133,B-2133,357,6.87,warehouse
R-2134,B-2134,66,1.32,warehouse
R-2135,B-2135,473,6.86,direct
R-2136,B-2136,82,1.28,warehouse
R-2137,B-2137,75,1.21,warehouse
R-2138,B-2138,44,0.67,warehouse
R-2139,B-2139,216,3.66,direct
R-2140,B-2140,335,7.61,direct
R-2141,B-2141,166,4.05,direct
R-2142,B-2142,181,2.59,warehouse
R-2143,B-2143,125,1.56,direct
R-2144,B-2144,150,1.9,warehouse
R-2145,B-2145,308,6.16,direct
R-2146,B-2146,239,3.23,warehouse
R-2147,B-2147,51,0.66,direct
R-2148,B-2148,368,6.94,warehouse
R-2149,B-2149,79,1.13,warehouse
R-2150,B-2150,173,2.62,warehouse
R-2151,B-2151,492,12.0,direct
R-2152,B-2152,346,5.09,warehouse
R-2153,B-2153,169,2.22,warehouse
R-2154,B-2154,49,0.69,direct
R-2155,B-2155,179,2.89,warehouse
R-2156,B-2156,436,9.91,warehouse
R-2157,B-2157,498,7.01,direct
R-2158,B-2158,141,2.1,direct
R-2159,B-2159,250,3.33,warehouse
R-2160,B-2160,66,0.86,direct
R-2161,B-2161,387,7.04,warehouse
R-2162,B-2162,299,3.83,warehouse
R-2163,B-2163,16,0.22,direct
R-2164,B-2164,360,5.45,warehouse
R-2165,B-2165,456,9.12,direct
R-2166,B-2166,258,4.1,warehouse
R-2167,B-2167,176,2.89,warehouse
R-2168,B-2168,196,2.61,warehouse
R-2169,B-2169,368,9.2,direct
R-2170,B-2170,474,6.16,warehouse
R-2171,B-2171,53,1.18,warehouse
R-2172,B-2172,334,4.99,direct
R-2173,B-2173,337,7.84,direct
R-2174,B-2174,319,5.41,direct
R-2175,B-2175,453,7.55,direct
R-2176,B-2176,474,10.53,direct
R-2177,B-2177,42,0.6,warehouse
R-2178,B-2178,450,8.65,direct
R-2179,B-2179,263,3.93,direct
R-2180,B-2180,89,1.27,direct
R-2181,B-2181,335,7.44,direct
R-2182,B-2182,64,0.81,warehouse
R-2183,B-2183,383,8.15,direct
R-2184,B-2184,374,6.56,direct
R-2185,B-2185,488,6.26,warehouse
R-2186,B-2186,65,0.94,warehouse
R-2187,B-2187,499,11.09,direct
R-2188,B-2188,481,9.82,direct
R-2189,B-2189,474,6.77,warehouse
R-2190,B-2190,226,3.9,warehouse
R-2191,B-2191,223,4.85,warehouse
R-2192,B-2192,33,0.45,direct
R-2193,B-2193,289,3.8,warehouse
R-2194,B-2194,214,3.1,direct
R-2195,B-2195,24,0.37,direct
R-2196,B-2196,424,6.95,direct
R-2197,B-2197,13,0.28,warehouse
R-2198,B-2198,392,5.09,direct
R-2199,B-2199,485,11.28,direct
R-2200,B-2200,405,10.12,warehouse
R-2201,B-2201,183,3.33,direct
R-2202,B-2202,381,7.33,warehouse
R-2203,B-2203,101,1.84,warehouse
R-2204,B-2204,201,2.51,direct
R-2205,B-2205,249,3.51,direct
R-2206,B-2206,211,3.2,direct
R-2207,B-2207,494,6.96,direct
R-2208,B-2208,185,3.14,direct
R-2209,B-2209,483,6.8,direct
R-2210,B-2210,126,1.68,warehouse
R-2211,B-2211,161,2.93,direct
R-2212,B-2212,486,8.38,warehouse
R-2213,B-2213,343,6.35,warehouse
R-2214,B-2214,422,10.05,warehouse
R-2215,B-2215,451,7.64,direct
R-2216,B-2216,351,7.31,warehouse
R-2217,B-2217,224,4.67,warehouse
R-2218,B-2218,190,4.75,warehouse
R-2219,B-2219,306,4.19,warehouse
R-2220,B-2220,102,2.12,warehouse
R-2221,B-2221,126,1.77,direct
R-2222,B-2222,349,5.45,direct
R-2223,B-2223,190,2.97,warehouse
R-2224,B-2224,217,2.86,direct
R-2225,B-2225,422,7.81,warehouse
R-2226,B-2226,264,4.63,warehouse
R-2227,B-2227,240,4.29,direct
R-2228,B-2228,369,8.2,direct
R-2229,B-2229,408,5.23,direct
R-2230,B-2230,447,9.51,warehouse
R-2231,B-2231,338,8.45,warehouse
R-2232,B-2232,338,4.69,warehouse
R-2233,B-2233,336,5.79,warehouse
R-2234,B-2234,442,9.4,warehouse
R-2235,B-2235,218,3.69,direct
R-2236,B-2236,440,7.1,direct
R-2237,B-2237,323,4.36,direct
R-2238,B-2238,417,6.13,warehouse
R-2239,B-2239,23,0.33,warehouse
R-2240,B-2240,435,10.61,direct
R-2241,B-2241,281,5.85,warehouse
R-2242,B-2242,168,2.75,direct
R-2243,B-2243,94,1.38,direct
R-2244,B-2244,469,8.85,warehouse
R-2245,B-2245,172,2.36,direct
R-2246,B-2246,184,2.59,warehouse
R-2247,B-2247,443,5.75,direct
R-2248,B-2248,307,6.53,direct
R-2249,B-2249,378,7.13,direct
R-2250,B-2250,50,1.11,direct
R-2251,B-2251,184,2.79,warehouse
R-2252,B-2252,293,4.44,warehouse
R-2253,B-2253,169,2.17,warehouse
R-2254,B-2254,387,6.24,direct
R-2255,B-2255,77,1.26,direct
R-2256,B-2256,48,0.76,direct
R-2257,B-2257,379,8.42,warehouse
R-2258,B-2258,40,0.98,warehouse
R-2259,B-2259,399,7.25,direct
R-2260,B-2260,220,3.28,warehouse
R-2261,B-2261,435,10.88,warehouse
R-2262,B-2262,175,3.98,direct
R-2263,B-2263,424,6.14,direct
R-2264,B-2264,156,2.74,warehouse
R-2265,B-2265,264,3.77,warehouse
R-2266,B-2266,494,8.37,direct
R-2267,B-2267,157,1.99,direct
R-2268,B-2268,428,9.95,warehouse
R-2269,B-2269,183,2.82,direct
R-2270,B-2270,360,6.92,warehouse
R-2271,B-2271,351,4.88,direct
R-2272,B-2272,84,1.79,direct
R-2273,B-2273,384,5.19,direct
R-2274,B-2274,292,4.29,warehouse
R-2275,B-2275,264,3.34,direct
R-2276,B-2276,209,4.75,warehouse
R-2277,B-2277,429,9.33,direct
R-2278,B-2278,288,4.36,warehouse
R-2279,B-2279,461,6.32,warehouse
R-2280,B-2280,380,4.75,direct
R-2281,B-2281,276,4.6,direct
R-2282,B-2282,246,3.46,warehouse
R-2283,B-2283,33,0.67,direct
R-2284,B-2284,326,5.62,direct
R-2285,B-2285,444,5.69,direct
R-2286,B-2286,212,3.16,warehouse
R-2287,B-2287,245,3.95,warehouse
R-2288,B-2288,395,6.08,warehouse
R-2289,B-2289,476,9.71,warehouse
R-2290,B-2290,489,6.19,warehouse
R-2291,B-2291,449,6.91,direct
R-2292,B-2292,179,4.07,warehouse
R-2293,B-2293,61,0.81,direct
R-2294,B-2294,485,6.47,warehouse
R-2295,B-2295,77,1.6,direct
R-2296,B-2296,320,4.0,direct
R-2297,B-2297,331,8.07,direct
R-2298,B-2298,140,3.5,warehouse
R-2299,B-2299,122,1.52,direct
R-2300,B-2300,102,1.65,warehouse
R-2301,B-2301,445,8.4,warehouse
R-2302,B-2302,376,7.67,warehouse
R-2303,B-2303,231,2.92,direct
R-2304,B-2304,22,0.37,warehouse
R-2305,B-2305,427,6.1,direct
R-2306,B-2306,176,2.79,direct
R-2307,B-2307,284,4.9,direct
R-2308,B-2308,435,9.06,direct
R-2309,B-2309,159,2.12,direct
R-2310,B-2310,112,1.7,warehouse
R-2311,B-2311,321,4.17,warehouse
R-2312,B-2312,59,0.79,warehouse
R-2313,B-2313,238,5.06,direct
R-2314,B-2314,197,3.34,direct
R-2315,B-2315,192,2.49,direct
R-2316,B-2316,140,2.41,direct
R-2317,B-2317,83,1.6,direct
R-2318,B-2318,86,1.62,warehouse
R-2319,B-2319,183,4.16,warehouse
R-2320,B-2320,124,3.1,warehouse
R-2321,B-2321,193,2.61,warehouse
R-2322,B-2322,132,2.13,warehouse
R-2323,B-2323,244,3.44,warehouse
R-2324,B-2324,274,3.47,warehouse
R-2325,B-2325,348,5.19,direct
R-2326,B-2326,360,6.55,warehouse
R-2327,B-2327,111,1.46,direct
R-2328,B-2328,302,7.19,direct
R-2329,B-2329,463,9.45,direct
R-2330,B-2330,84,1.35,direct
R-2331,B-2331,429,5.57,direct
R-2332,B-2332,148,2.47,direct
R-2333,B-2333,72,1.14,direct
R-2334,B-2334,200,3.23,warehouse
R-2335,B-2335,198,2.61,direct
R-2336,B-2336,110,2.68,warehouse
R-2337,B-2337,70,0.88,warehouse
R-2338,B-2338,202,3.74,warehouse
R-2339,B-2339,67,1.29,warehouse
R-2340,B-2340,412,6.15,direct
R-2341,B-2341,351,7.02,direct
R-2342,B-2342,51,1.24,warehouse
R-2343,B-2343,19,0.24,warehouse
R-2344,B-2344,87,1.09,direct
R-2345,B-2345,220,3.19,direct
R-2346,B-2346,317,4.17,warehouse
R-2347,B-2347,316,7.71,direct
R-2348,B-2348,270,4.35,direct
R-2349,B-2349,234,3.0,direct
R-2350,B-2350,429,5.88,direct
R-2351,B-2351,100,1.32,direct
R-2352,B-2352,11,0.28,warehouse
R-2353,B-2353,393,5.24,direct
R-2354,B-2354,486,8.1,direct
R-2355,B-2355,48,0.89,direct
R-2356,B-2356,455,5.99,direct
R-2357,B-2357,347,5.69,warehouse
R-2358,B-2358,498,10.16,warehouse
R-2359,B-2359,234,4.98,direct
R-2360,B-2360,363,7.89,warehouse
R-2361,B-2361,427,10.68,direct
R-2362,B-2362,17,0.22,direct
R-2363,B-2363,337,7.02,warehouse
R-2364,B-2364,364,5.52,warehouse
R-2365,B-2365,161,2.21,warehouse
R-2366,B-2366,380,6.33,warehouse
R-2367,B-2367,57,0.71,direct
R-2368,B-2368,416,8.49,warehouse
R-2369,B-2369,321,5.02,direct
R-2370,B-2370,104,1.3,direct
R-2371,B-2371,130,2.41,warehouse
R-2372,B-2372,403,9.16,warehouse
R-2373,B-2373,115,1.55,warehouse
R-2374,B-2374,361,5.39,warehouse
R-2375,B-2375,337,4.81,direct
R-2376,B-2376,240,3.33,warehouse
R-2377,B-2377,317,4.95,direct
R-2378,B-2378,40,0.63,warehouse
R-2379,B-2379,360,6.0,warehouse
R-2380,B-2380,378,4.78,warehouse
R-2381,B-2381,140,1.77,direct
R-2382,B-2382,314,4.36,direct
R-2383,B-2383,480,6.4,direct
R-2384,B-2384,267,4.38,direct
R-2385,B-2385,359,7.18,direct
R-2386,B-2386,85,1.6,warehouse
R-2387,B-2387,266,5.43,direct
R-2388,B-2388,62,1.55,warehouse
R-2389,B-2389,257,3.29,direct
R-2390,B-2390,364,7.14,warehouse
R-2391,B-2391,206,2.58,warehouse
R-2392,B-2392,28,0.36,direct
R-2393,B-2393,399,5.54,warehouse
R-2394,B-2394,276,3.49,warehouse
R-2395,B-2395,478,11.95,warehouse
R-2396,B-2396,45,0.96,direct
R-2397,B-2397,465,8.16,direct
R-2398,B-2398,265,5.89,direct
R-2399,B-2399,193,3.39,direct
R-2400,B-2400,59,0.89,warehouse
R-2401,B-2401,167,2.74,warehouse
R-2402,B-2402,263,5.48,warehouse
R-2403,B-2403,350,6.14,direct
R-2404,B-2404,287,6.83,direct
R-2405,B-2405,326,5.02,direct
R-2406,B-2406,231,3.12,warehouse
R-2407,B-2407,325,6.02,direct
R-2408,B-2408,438,6.84,direct
R-2409,B-2409,115,1.47,warehouse
R-2410,B-2410,68,0.86,direct
R-2411,B-2411,251,3.75,direct
R-2412,B-2412,273,4.27,direct
R-2413,B-2413,468,8.07,warehouse
R-2414,B-2414,282,4.48,warehouse
R-2415,B-2415,351,8.56,warehouse
R-2416,B-2416,266,6.05,direct
R-2417,B-2417,63,1.07,direct
R-2418,B-2418,133,2.66,direct
R-2419,B-2419,206,3.27,direct
R-2420,B-2420,411,8.93,warehouse
R-2421,B-2421,257,6.27,warehouse
R-2422,B-2422,24,0.4,direct
R-2423,B-2423,261,3.48,warehouse
R-2424,B-2424,144,2.36,direct
R-2425,B-2425,456,7.86,direct
R-2426,B-2426,373,9.1,direct
R-2427,B-2427,485,10.54,direct
R-2428,B-2428,191,4.34,warehouse
R-2429,B-2429,462,6.24,direct
R-2430,B-2430,217,4.09,direct
R-2431,B-2431,284,4.0,warehouse
R-2432,B-2432,487,6.58,direct
R-2433,B-2433,120,2.03,warehouse
R-2434,B-2434,330,6.23,direct
R-2435,B-2435,218,4.84,warehouse
R-2436,B-2436,214,3.34,warehouse
R-2437,B-2437,424,6.24,warehouse
R-2438,B-2438,373,7.94,warehouse
R-2439,B-2439,224,2.95,direct
R-2440,B-2440,57,0.8,warehouse
R-2441,B-2441,167,3.88,warehouse
R-2442,B-2442,454,6.49,direct
R-2443,B-2443,466,11.37,warehouse
R-2444,B-2444,33,0.49,warehouse
R-2445,B-2445,314,4.55,direct
R-2446,B-2446,265,3.63,direct
R-2447,B-2447,59,0.78,direct
R-2448,B-2448,140,2.26,warehouse
R-2449,B-2449,231,2.92,warehouse
R-2450,B-2450,48,0.62,warehouse
R-2451,B-2451,44,0.63,warehouse
R-2452,B-2452,336,8.0,warehouse
R-2453,B-2453,434,8.68,warehouse
R-2454,B-2454,480,8.42,warehouse
R-2455,B-2455,127,1.81,warehouse
R-2456,B-2456,383,6.18,direct
R-2457,B-2457,130,2.95,direct
R-2458,B-2458,214,3.45,warehouse
R-2459,B-2459,241,5.36,warehouse
R-2460,B-2460,263,4.78,warehouse
R-2461,B-2461,210,4.12,direct
R-2462,B-2462,68,1.05,warehouse
R-2463,B-2463,364,8.47,direct
R-2464,B-2464,404,7.35,direct
R-2465,B-2465,33,0.52,direct
R-2466,B-2466,424,9.22,direct
R-2467,B-2467,406,6.55,warehouse
R-2468,B-2468,253,4.29,direct
R-2469,B-2469,174,4.14,direct
R-2470,B-2470,385,5.75,direct
R-2471,B-2471,499,6.57,warehouse
R-2472,B-2472,320,5.33,warehouse
R-2473,B-2473,321,4.17,direct
R-2474,B-2474,436,8.07,direct
R-2475,B-2475,17,0.22,warehouse
R-2476,B-2476,195,4.43,direct
R-2477,B-2477,53,0.93,warehouse
R-2478,B-2478,399,6.33,direct
R-2479,B-2479,89,1.29,direct
R-2480,B-2480,50,0.77,warehouse
R-2481,B-2481,458,7.27,direct
R-2482,B-2482,48,0.81,warehouse
R-2483,B-2483,15,0.23,warehouse
R-2484,B-2484,397,6.73,direct
R-2485,B-2485,78,1.15,direct
R-2486,B-2486,69,1.68,warehouse
R-2487,B-2487,259,3.36,warehouse
R-2488,B-2488,45,0.87,direct
R-2489,B-2489,440,8.15,direct
R-2490,B-2490,450,9.57,warehouse
R-2491,B-2491,338,5.45,direct
R-2492,B-2492,24,0.45,direct
R-2493,B-2493,484,9.31,warehouse
R-2494,B-2494,381,8.66,warehouse
R-2495,B-2495,183,3.33,direct
R-2496,B-2496,16,0.31,warehouse
R-2497,B-2497,334,6.3,direct
R-2498,B-2498,452,9.83,direct
R-2499,B-2499,202,4.59,warehouse
